input,error
NM_007294.4(BRCA1):c.(5193+1_5194-1)_(5277+1_5278-1)del,400 Client Error: Bad Request
NM_007294.4(BRCA1):c.(5193+1_5194-1)_(5277+1_5278-1)del,400 Client Error: Bad Request
NM_007294.4(BRCA1):c.4987-1=,400 Client Error: Bad Request
NM_007294.3(BRCA1):c.3671_3672ins4,400 Client Error: Bad Request
NM_007294.3(BRCA1):c.4388_4389ins7,400 Client Error: Bad Request
NM_007294.3(BRCA1):c.4155_4156ins10,400 Client Error: Bad Request
NM_007294.3(BRCA1):c.3516_3517ins100,400 Client Error: Bad Request
NM_007294.3(BRCA1):c.3571_3572ins4,400 Client Error: Bad Request
NM_007294.3(BRCA1):c.5033_5034ins4,400 Client Error: Bad Request
NM_007294.3(BRCA1):c.851_852ins7,400 Client Error: Bad Request
NM_007294.3(BRCA1):c.824_825ins10,400 Client Error: Bad Request
NM_007294.3(BRCA1):c.2504_2505ins17,400 Client Error: Bad Request
NM_007294.3(BRCA1):c.4338_4339ins4,400 Client Error: Bad Request
NM_007294.3(BRCA1):c.625_626ins20,400 Client Error: Bad Request
NM_007294.3(BRCA1):c.3288_3289ins46,400 Client Error: Bad Request
NM_007294.3(BRCA1):c.5007_5008ins13,400 Client Error: Bad Request
NM_007294.3(BRCA1):c.807_808ins11,400 Client Error: Bad Request
NM_007294.3(BRCA1):c.4644_4645ins8,400 Client Error: Bad Request
U14680.1(BRCA1):n.5274delG,400 Client Error: Bad Request
U14680.1(BRCA1):n.561_563delCAG,400 Client Error: Bad Request
NM_007294.3(BRCA1):c.5277+47_5277+48ins20,400 Client Error: Bad Request
NM_007294.4(BRCA1):c.4485-64=,400 Client Error: Bad Request
NM_007294.4(BRCA1):c.5152+73=,400 Client Error: Bad Request
NM_000059.4(BRCA2):c.(6841+1_6842-1)_(7007+1_7008-1)del,400 Client Error: Bad Request
NC_000013.11:g.88223877_88223879del,400 Client Error: Bad Request
NM_000059.3(BRCA2):c.7762_7764delATAins2,400 Client Error: Bad Request
NM_000059.3(BRCA2):c.132_133ins8,400 Client Error: Bad Request
NM_000059.3(BRCA2):c.3407_3408ins100,400 Client Error: Bad Request
NM_000059.3(BRCA2):c.8800_8801ins346,400 Client Error: Bad Request
NM_000059.3(BRCA2):c.3978_3979ins4,400 Client Error: Bad Request
NM_000059.3(BRCA2):c.7662_7663ins37,400 Client Error: Bad Request
NM_000059.3(BRCA2):c.1189_1190ins4,400 Client Error: Bad Request
NM_000059.3(BRCA2):c.4718_4719ins4,400 Client Error: Bad Request
NM_000059.3(BRCA2):c.6535_6536ins8,400 Client Error: Bad Request
NM_000059.3(BRCA2):c.8278_8279ins71,400 Client Error: Bad Request
NM_000059.3(BRCA2):c.8483_8484ins11,400 Client Error: Bad Request
NM_000059.4(BRCA2):c.4563=,400 Client Error: Bad Request
NM_000059.4(BRCA2):c.6513=,400 Client Error: Bad Request
U43746.1(BRCA2):n.6325_6326insT,400 Client Error: Bad Request
U43746.1(BRCA2):n.7696_7697insT,400 Client Error: Bad Request
NM_000546.6(TP53):c.270del,"HTTPSConnectionPool(host='grch37.rest.ensembl.org', port=443): Read timed out. (read timeout=15)"
NC_000017.11:g.7668194C>T,400 Client Error: Bad Request
NC_000017.11:g.7668195G>A,400 Client Error: Bad Request
NM_001374353.1(GLI2):c.2594C>T,"HTTPSConnectionPool(host='grch37.rest.ensembl.org', port=443): Read timed out. (read timeout=15)"
NM_000546.5(TP53):c.-1635C>T,400 Client Error: Bad Request
NM_000546.5(TP53):c.*1701G>T,400 Client Error: Bad Request
NM_000546.5(TP53):c.-1650T>G,400 Client Error: Bad Request
NM_000546.6(TP53):c.-1731G>C,400 Client Error: Bad Request
